{"cameraMode":{"drawMode":0,"name":"Shaded","section":"Shading Mode"},"sceneLighting":true,"audioPlay":false,"sceneViewState":{"m_AlwaysRefresh":false,"showFog":true,"showSkybox":true,"showFlares":true,"showImageEffects":true,"showParticleSystems":true,"showVisualEffectGraphs":true,"m_FxEnabled":true},"in2DMode":false,"pivot":{"x":-3.1647751331329347,"y":3.410806894302368,"z":1.2810410261154175},"rotation":{"x":-0.11623425781726837,"y":-0.7357307076454163,"z":0.13069801032543183,"w":-0.6543169617652893},"size":0.17320503294467927,"orthographic":false}